Team,ELO
South Africa,2791
New Zealand,2621
Ireland,2575
France,2499
Scotland,2403
England,2334
British & Irish Lions,2323
Argentina,2303
New Zealand Maori,2212
Australia,2177
Fiji,2158
Wales,2103
All Blacks XV,2097
Junior All Blacks,2084
Georgia,2047
Japan,2039
Australia A,2037
Italy,2032
Maori All Blacks,2007
England A,1990
Canterbury,1986
Barbarians,1984
Hurricanes,1968
England Saxons,1966
Ireland A,1958
Exeter,1956
Argentina Jaguars,1925
Otago,1917
Argentina XV,1914
Emerging Ireland,1911
Emerging South Africa,1904
Leinster,1903
Northampton Saints,1895
Portugal,1894
Racing,1890
Chiefs,1887
South Africa A,1885
Kobelco Kobe Steelers,1879
Ealing Trailfinders,1877
World XV,1876
France A,1869
Glasgow Warriors,1865
Toulouse,1864
Montpellier Herault Rugby Club,1860
Leinster Rugby,1858
Neath-Swansea Ospreys,1858
French Selection,1847
Union Bordeaux-Begles,1844
Saitama Wild Knights,1843
Stade Toulousain,1843
Scotland A,1839
Sydney,1839
RC Vannes,1830
Pampas,1827
Uruguay,1825
Bordeaux-Begles,1822
Clermont,1816
Crusaders,1815
Fiji Warriors,1812
England U23,1811
Kubota Spears,1811
South Africa U23,1805
New South Wales,1801
USA,1796
Llanelli,1788
Queensland,1785
South America XV,1785
England B,1779
Samoa,1778
Pampas XV,1776
Montpellier,1767
Czechia,1765
New Zealand Cavaliers,1765
Mali,1763
Chicago Hounds,1762
Spain,1762
Exeter Chiefs,1757
Wales B,1756
Zimbabwe,1756
Chile,1753
Bath Rugby,1743
Senegal A,1742
Bay of Plenty,1742
Qatar,1741
Worcester Warriors,1740
Leicester Tigers,1740
ACT,1737
Cardiff,1737
Tonga,1736
Stade Francais Paris,1735
Japan XV,1734
Jaguares,1733
USA South,1732
Hawke's Bay,1730
French Barbarians,1728
Canada West,1727
ACT Brumbies,1725
Cote Basque-Landes,1723
Hurricanes Development XV,1723
South African Kings,1720
Bordeaux-Beg,1712
Celtic Warriors,1707
Hollywoodbets Sharks,1702
Argentina A,1702
Blues,1702
Bristol,1698
Golden Lions,1698
Bedford Blues,1697
Italy A,1696
Racing 92,1696
Canterbury Crusaders,1694
Transvaal,1694
SA President's XV,1693
South Africa Invitational XV,1693
Counties Manukau,1693
Bulls,1692
Buenos Aires,1692
Malta,1690
Connacht,1689
Stade Rochelais,1689
Ireland XV,1688
Poland,1686
Northern Division,1683
Ulster,1683
New Zealand A,1681
Griquas,1679
Auckland Blues,1678
Midland Counties,1675
Algeria,1674
Junior Springboks,1671
New Zealand Divisional XV,1670
Emirates Lions,1670
Taranaki,1669
Belgium,1668
Namibia,1666
Australian Barbarians,1665
Chiefs Development XV,1664
Queensland Reds,1662
Uruguay XV,1660
South American Jaguars,1659
DHL Stormers,1659
SA Gazelles,1657
Lebanon,1657
Edinburgh,1656
Mexico,1656
North of England,1655
Northern Provinces,1651
Swansea,1648
French Universities,1648
Harlequins,1648
London Irish,1646
Pau,1642
English National Divisons XV,1637
Dogos,1636
Force,1634
Sale,1633
Western Province Town,1630
Stormers,1629
Crusaders Knights,1628
Free State,1627
Lions,1624
South East Transvaal,1623
Waikato,1621
Vodacom Bulls,1621
Grenoble,1621
Munster,1620
Glasgow ,1617
Hanazono Kinetsu Liners,1616
Toulon,1616
Northern Universities,1612
Natal Sharks,1612
Saracens,1611
British XV,1610
Waikato Chiefs,1610
North East Counties,1609
New Zealand Academy,1607
Western Province Town & Country,1607
Impala,1607
French Army,1607
Chile XV,1606
Lyon O.U.,1605
North Auckland,1605
Eastern Fiji Select,1604
Scotland Development XV,1604
New Zealand Vikings,1603
Blues Development XV,1602
London,1601
Sharks,1600
Democratic Republic of Congo A,1600
Hong Kong,1600
Reds,1600
Czech Republic,1600
Uruguay A,1598
Ireland U25 XV,1598
Ulster Rugby,1597
Suva-Rewa XV,1596
Castres,1593
Niger,1591
Highlanders Development XV,1591
Coventry,1590
Neath–Swansea Ospreys,1588
Monmouthshire,1587
Bourg,1587
Emerging Italy,1587
Oyonnax Rugby,1586
California Legion,1586
Cornish Pirates,1586
Emerging England,1585
Banco Nación,1584
Romania XV,1583
Western Province / South Western Districts / Boland,1583
Hong Kong China,1583
Penguin International RFC,1583
Wales A,1583
Fiji B,1581
Midlands & North of England,1581
Nottingham,1579
Glamorgan Wanderers,1578
Anglo-Scots,1578
Western Province Universities,1577
Munster Rugby,1577
Atlantique,1576
East Glamorgan,1575
Provence / Litoral,1575
San Juan,1575
Languedoc,1575
French Regional XV,1573
London Counties,1573
West Hartlepool,1573
Cape Colony,1571
Northampton,1571
Tarucas,1571
South Africa Combined Services,1570
Savai'i Samoa,1570
Bristol Bears,1569
Transvaal Colleges,1569
South Island Divisional XV,1568
South & South West Division,1567
ASM Clermont Auvergne,1566
South of Scotland,1566
Australia XV,1566
NEC Green Rockets,1566
West Glamorgan,1565
Pumas,1565
South West,1564
Provence-Cote d'Azur,1564
Colomiers,1562
Leeds Carnegie,1562
Kenya,1562
Cuyo,1562
Auckland,1561
Reds College XV,1561
Reef & Country,1561
Montferrand,1560
ACT XV,1559
Littoral Region XV,1559
Samoa President's XV,1559
Breconshire,1559
Pacific Islanders,1558
Fiji President's XV,1558
South Africa Amateurs,1558
Northland,1557
Crusaders |,1556
"Pontypool, Cross Keys & Newbridge",1555
Tautahi Gold,1555
Auvergne,1554
Seattle Seawolves,1553
Canada Select XV,1553
England XV,1553
East Wales,1552
Eastern Transvaal / North Natal,1552
South West Division,1552
Welsh Clubs XV,1552
Bahrain,1552
New Zealand XV,1551
South Africa Defence,1551
Bristol Rugby,1551
Midland Division,1550
Northern Transvaal Country,1549
Papua New Guinea,1549
Section Paloise,1549
Northern Counties,1549
US Army,1549
CS Bourgoin-Jallieu,1549
New Zealand Universities,1549
Sussex,1549
Newport,1548
Martinique,1548
Scottish Select XV,1547
Sale Sharks,1547
Wales Development XV,1547
New Zealand Army,1547
Dinamo Bucuresti,1547
CA Brive,1547
Trinidad & Tobago,1546
Pacific Barbarians,1546
Morocco,1546
Northern Transvaal U20,1546
Sweden,1544
Italy XV,1544
Brisbane Academy,1543
Wellington,1543
Hong Kong A,1542
Wellington Hurricanes,1542
Stade Francais,1541
Senegal,1541
Oxford / Cambridge Combined,1541
Alps,1540
Gloucestershire,1539
Leicestershire Centenary XV,1539
North & Midlands of Scotland,1539
Birkenhead Park,1539
Macau,1537
Democratic Republic of Congo,1537
Toyota Industries Shuttles,1537
West Midlands,1536
Chile A,1536
Namibia President's XV,1536
Sydenham,1536
USA Grizzlies,1535
Country XV,1535
Tasman,1535
Lourdes,1535
Brisbane,1534
Castres Olympique,1534
Pembrokeshire,1534
Brumbies,1533
Ile-de-France,1533
Junior Japan,1533
La Rochelle,1533
France XV,1532
Combined Western Province,1532
England U25,1532
Counties,1531
Gosforth,1531
Cayman Islands,1531
Clermont Auvergne,1531
Doncaster Knights,1530
Tokyo Sungoliath,1529
Ampthill,1529
Oxfordshire,1529
Gala,1528
Headingley,1528
Stade Nicois,1528
Black Rams Tokyo,1527
Canada Women,1527
New Zealand Heartland XV,1526
London Division,1525
Western Force A,1524
SA Country Districts B,1524
Western Province Country,1523
New South Wales B,1523
US Dax,1523
SRU President's XV,1523
The South,1523
Wales U25,1522
Glamorgan U25,1522
Agen,1522
Rosario,1521
Eastern Union,1521
US Falcons,1521
English Students,1520
Ebbw Vale,1520
Apia,1519
Witwatersrand,1518
Irish Development XV,1518
Blue Bulls,1518
Valence Romans,1518
Northern Bulls,1518
Gloucestershire-Somerset,1517
Northern & Western Transvaal,1517
Devon / Cornwall,1516
Combined Provinces,1515
Philippines,1515
Brazil A,1515
Uganda A,1515
Kenya A,1515
Queensland U20,1515
Blackheath,1514
Southern Universities,1513
Mauritania,1512
Otago Highlanders,1512
Rhodesia,1511
Fiji A,1511
Pretoria,1511
Free State Country,1510
Italy U21,1509
Eastern Transvaal,1509
Western Transvaal,1508
Midwest RFU,1507
Wanganui / King Country,1506
Sharks XV,1506
Hartpury University RFC,1506
British Columbia,1505
Glasgow / Edinburgh,1503
Capibaras XV,1503
Border,1502
Thames Valley,1502
Queensland A,1502
Aberavon,1501
Mali A,1501
Nelson / Golden Bay-Motueka,1500
Queensland Presidents XV,1500
Esher,1500
Moscow,1500
England Rugby Partnership XV,1500
Maesteg,1500
Argentina Juniors,1500
Dungannon,1500
Emerging Wales,1500
Neuquen,1500
Treorchy,1500
Far Northern Transvaal,1500
French Police,1500
Free State / Griqualand West / South West Africa,1500
British Columbia U25,1499
Quaggas,1499
Glasgow Caledonians,1499
Eastern Free State,1499
Auvergne Selection,1499
New Zealand Provincial Barbarians,1499
Jamaica,1499
First Nations and Pasifika XV,1499
Boland Invitation XV,1499
Centre-Limousin,1499
Quaggas-Barbarians,1499
Royal Navy,1498
Italian Presidents XV,1498
South Eastern France,1498
ANZAC,1498
Litoral Selection,1498
NSW / Queensland Country,1498
Paul Roos XV,1498
Ireland Women,1498
Invitational Australia & New Zealand,1498
Australia B,1498
Eastern XV,1497
Western XV,1497
Suntory,1497
CONSUR XV,1497
Pontypool / Newbridge,1497
Classic Wallabies,1497
Mendoza,1497
Presidents XV,1497
Romania Sud XV,1497
Fijian Barbarians,1497
Northern Services,1496
South Africa Barbarians South,1496
SA Universities,1496
Riverina,1496
South Africa Barbarians North,1496
Victoria / South Australia,1496
Romania B,1496
Argentina B,1496
Buenos Aries Selection,1496
Royal XV,1496
"Midlands, London & Home Counties",1496
Central Unions,1496
Chilean Invitational,1496
ACT Presidents XV,1496
Romania,1496
British Schools Old Boys,1496
Cougars,1496
Ospreys,1496
Royal Air Force,1495
Griqualand West,1495
Wellington Province,1495
Eastern Province Kings,1495
Provence Rugby,1495
Welsh Students,1495
Egypt,1495
OFS Country Invitation XV,1495
Western New South Wales,1494
Rest of Scottish Districts,1494
Junior Wallabies,1494
Canada B,1494
Eastern Canada,1494
North Midlands & Warwickshire,1494
United Services,1494
Queensland XV,1494
South West Zone,1494
New York Metropolitan,1494
Hampshire & Sussex,1494
Combined Waseda U and Kinki Nihon Railway XV,1494
Coast of Basque,1494
Rugby East (USA),1494
British Army,1494
University of California,1494
South Western Counties,1494
Western Fiji Select,1494
Netherlands,1494
Cheltenham,1494
Southern New South Wales,1494
Western Japan,1494
South West XV,1494
Tasmanian Invitation,1493
Canada All Stars,1493
British Columbia XV,1493
NSW Waratahs,1493
Northumberland & Cheshire,1493
Northern Region XV,1493
Lower Mainland,1493
Newport Gwent Dragons,1493
Club Atlético de San Isidro,1493
British Army of the Rhine,1492
South East,1492
Neath,1492
Combined XV,1492
Durham / Northumberland,1492
"Lancashire, Chesire & Yorkshire",1492
Fiji XV,1492
Cheshire,1492
Northern Suburbs,1492
Northern New South Wales,1492
Canadian Select XV,1492
Southern Region XV,1492
Mid-Districts (Wales),1492
California,1491
Pyrenees,1491
Aquitaine XV,1491
Australian United Services,1491
Quebec & Maritimes,1491
Scottish Universities,1491
North West Counties,1490
Mitsubishi Sagamihara Dynaboars,1490
Currie Cup Select,1490
West Japan,1490
Santa Fé,1490
Bridgend,1490
Auckland-North Auckland,1490
Gloucestershire / Somerset,1489
North-East Counties,1489
Basque Country,1488
USA B,1488
Devonport Albion,1488
Cumberland,1488
Spain U23,1488
North-West Counties,1488
Lyon,1488
Madagascar,1488
University of British Columbia,1488
New South Wales XV,1488
North Viti Levu,1488
King Country / Counties,1487
Valencia Select,1487
Combined Western,1487
Bay of Plenty / Counties / Thames Valley,1487
South African Colleges,1487
East Japan,1487
Italy Emergenti XV,1487
Emerging Australians,1487
Cambridge University,1487
Samoa Development Team,1487
Johannesburg Country,1487
Sydney Academy,1486
Uganda,1486
Taranaki / King Country,1486
Free State Cheetahs,1486
Narbonne,1486
South Australian Presidents XV,1486
Abertillery & Cross Keys,1486
Combined Central / Western,1486
Japan U23,1486
New York Selection,1486
Dunvant,1485
Australian Universities,1485
Castille / Leon XV,1485
Gwent,1485
South Africa Rugby Association,1485
Lancashire,1485
Selknam,1485
Johannesburg Town,1484
South Africa Country Districts,1484
Brazil Selection,1484
South & South West Counties,1484
Northern OFS,1484
Nadroga,1484
Reds A,1484
Dublin University,1484
Pontypool & Cross Keys,1483
Cornwall-Devon,1483
Metropolitan Counties,1483
San Isidro,1483
Natal Country,1483
Leicester & East Midlands,1483
Réunion,1483
Mpumalanga,1483
Kyushudenryoku Kyuden Voltex,1483
Cote d'Azur,1482
Yorshire / Cumberland,1482
Basque Selection,1482
Combined Clubs XV,1482
Eastern Transvaal / Natal / Transvaal,1481
Select XV,1481
Lautoka,1481
Rebel Rising,1481
Invitation XV,1481
Mashonaland County Districts,1481
Middlesex,1481
Transvaal XV,1480
South Canterbury,1480
Boland Kavaliers,1480
Midlands,1479
Surrey,1479
Lancashire / Cheshire,1479
Australian Southern States,1479
Abertillery,1479
Yugoslavia,1479
Wanganui / Manawatu,1479
Japan President's XV,1478
Boland Country,1478
Queenstown,1478
Fiji (Western Division),1478
Gold Cup XV,1478
Limousin-Auvergne,1478
Goshawks,1478
Mid Canterbury,1478
Guadeloupe,1477
Classic All Blacks,1477
President's Trophy XV,1477
Bush,1477
South African Coloured XV,1477
Nippon Steel,1477
Welsh Counties Under-23,1477
Waikato / King Country / Thames Valley,1477
Interior Selection,1477
West of Scotland,1476
Hartlepool Clubs,1476
SA Mining XV,1476
Dinamo Pancevo,1476
Calgary,1476
Pumas B,1475
New England,1475
Randwick,1475
Highfield,1475
Canadian Wolverines,1475
Ashburton County / North Otago,1475
Orange River Colony,1475
Ashburton County,1474
Ireland Students,1474
South Africa Rugby Federation XV,1474
Fiji Development XV,1474
Western Province Colleges,1474
Vancouver,1474
Benetton Rugby,1474
Biarritz,1473
France Women,1473
Southern Kings,1473
Nadi,1473
Mediterranean XV,1473
North-West Fiji,1473
Transvaal Universities,1473
Fiji Barbarians,1473
Thames Valley / Bay of Plenty,1473
New Zealand Marist,1472
Sharks Invitational XV,1472
USA Perpignan,1472
Stade Montois,1472
Cordoba,1472
Cook Islands Presidents XV,1471
Northern Region,1471
Patrons XV,1471
North Island XV,1471
Poverty Bay / Bay of Plenty / East Coast,1471
South Eastern Counties,1471
Seddon Shield XV,1470
East London,1470
Salta,1470
Bath,1470
Tarn,1469
USA Development XV,1469
Armed Forces,1468
Fiji Juniors,1468
Fiji European,1468
Central Region,1467
Boland Colleges,1467
North Queensland,1466
Waratahs,1466
Eastern Province Country,1465
Varsavia Select XV,1465
Roussillon,1465
Central Vikings,1465
Marlborough / Nelson Bays,1465
Monmouthshire U25,1465
Colombia,1464
Yorkshire,1464
Prague,1464
Suva,1464
Spanish Presidents XV,1463
Metropolitan,1463
Nada RC,1463
Western Districts,1463
Rewa,1462
South India,1462
Llanelli Scarlets,1462
Mashonaland,1462
Selection Centre,1462
USA Falcons XV,1461
Durban,1461
Chinnor,1461
Belgrano Athletic,1461
Central Universities,1461
Eastern Counties,1461
Poland A,1460
Kent,1460
Counties / Thames Valley,1460
Nicaragua,1460
Pietermaritzburg,1460
Matabeleland,1460
Namibia South Sub-Union,1459
Western Counties,1459
Brumby Runners,1459
Eastern Transvaal Country,1459
British Columbia Presidents XV,1459
Toshiba Brave Lupus,1459
Darling Downs,1458
North Midlands,1458
Abertillery/Ebbw Vale,1458
Vava'u & 'Ena Combined,1458
South Africa Development XV,1457
Northern Union,1457
Cape Town Clubs,1457
RFU Championship XV,1457
Gloucester Rugby,1456
Canada,1456
Hawke's Bay / Poverty Bay,1456
Suva European XV,1456
Border /  Eastern Province / North Eastern Districts,1455
Russia,1454
Provinical Selection,1454
Japan Universities,1454
Durham,1453
South Rhodesia,1453
Canterbury Development XV,1453
USSR,1452
South West Africa,1452
Barbados,1452
Scottish Districts,1452
Queensland B,1452
Glamorgan,1452
Cape Town Suburbs,1452
Pyrenees / Ariege,1451
Neath / Aberavon,1451
Grivita RC,1451
Languedoc/Roussillon,1451
Cardiff Rugby,1451
Cairns,1450
Townsville,1450
Congo,1450
Northern Free State,1450
Newbridge,1450
Red Hurricanes Osaka,1450
USA A,1450
New South Wales U20,1449
Pumas C,1449
Blues |,1449
Kanto,1449
Gloucester,1449
Tucumán RC,1449
Niue Island,1448
Northumberland,1448
South Africa African XV,1448
South of France,1448
BC All Stars,1447
Toronto,1447
London & South East,1446
RC Toulonnais,1446
South West Africa / Griqualand West / NW Cape,1446
South African Universities,1446
Kansai,1446
Tarbes,1446
Pontypool,1445
Vannes,1445
Switzerland,1445
Aviron Bayonnais,1445
Eastern Province Inv. XV,1445
UAE,1444
Civil Service,1444
North Wales,1444
Peñarol,1444
Bay of Plenty Maori,1444
Fijian Drua,1443
North Eastern Cape,1443
Southern RFU,1443
North East Cape / Border / Transkei,1442
King William's Town,1442
Pontypridd,1442
Lyon Olympique Universitaire,1442
Combined Universities,1441
Alberta,1441
United Arab Emirates,1440
North of Scotland,1440
Ukraine,1440
Grahamstown,1440
Saskatchewan,1440
Transvaal Country Invitation XV,1439
East Canada,1439
Redruth,1439
QAS Reds Academy,1439
Prov. Argentinas,1439
Junior Eagles,1438
Shizuoka Blue Revs,1438
Ukraine XV,1438
Nelson,1438
Japan B,1438
Manuma Samoa,1438
Cape Province,1437
Central West,1437
Western Force,1437
Austria,1437
USSR A,1437
Eastern Province,1437
South African Barbarians,1436
Upolu Samoa,1436
Paraguay,1435
Rugby Canada,1434
Far West,1434
Western Province,1434
Saudi Arabia,1434
Fiji (Eastern Division),1433
Waseda University,1433
Armagnac,1433
Mar Del Plata,1432
South Western Districts,1432
Chad,1432
Liegi Select XV,1432
Western Transvaal Country,1432
West Wales,1431
Highlanders,1431
Wairarapa,1430
Northern Transvaal,1430
Tonga Presidents XV,1430
Heineken Select,1429
South West Africa Country,1428
Transkei,1428
Northern Territory,1427
Kazakhstan,1427
Cook Islands,1425
Kyushu,1424
Italy B,1424
Northern Districts,1423
Heriot's FP,1423
Zimbabwe Goshawks,1422
Mount Isa,1422
Wallis & Fortuna,1422
Warwick,1421
Cheetahs |,1421
Nelson Bays,1420
Port Elizabeth,1420
Blackrock,1420
Shaheen,1419
Combined Boland,1418
Wasps,1418
France B,1417
Turks and Caicos Islands,1417
Manawatu,1417
South West of France,1416
Welwitschia,1415
Zimbabwe B,1415
East Midlands,1414
Worcester,1413
North West Cape,1413
Western Union,1413
Devon,1412
Manawatu / Horowhenua,1411
Toowoomba,1410
Old Glory DC,1409
Toyota Verblitz,1408
Border Reivers,1407
Guatemala,1407
Chambery,1406
Waratahs A,1404
Soyaux Angouleme,1404
Namibia B,1403
Leicester,1403
Horowhenua Kapti,1403
American Samoa,1401
Epra-Sedra,1401
Pacific Coast,1401
Bangladesh,1401
Tasmania,1401
US Hawks,1401
Bayonne,1401
Nova Scotia President's XV,1401
Jordan,1398
Hanan Shield Districts,1398
Tanzania,1398
Leopards,1398
Sri Lanka,1398
Ontario,1397
Combined Services,1397
African Barbarians,1397
West Coast / Buller,1394
Madrid XV,1389
Tunisia,1388
Edinburgh Rugby,1388
Cardiff Blues,1387
Nelson Bays / Marlborough / Golden Bay / Motueka,1386
Beziers,1384
New England Free Jacks,1383
South Canterbury / Mid Canterbury / North Otago,1383
Cross Keys,1382
Southern Counties,1380
Somerset,1379
Rebels,1378
Marlborough,1377
Paraguay A,1377
Iran,1377
Zimbabwe A,1374
East Coast,1373
Honduras,1373
Southland,1372
Mid-Western Union,1372
Coastal Sharks,1371
Perpignan,1369
Korea,1369
Wairarapa Bush,1368
Mont-de-Marsan,1368
Bourgoin,1368
Yokohama Canon Eagles,1367
FC Grenoble,1366
Nice,1366
Shimizu Blue Sharks,1366
Oyonnax,1365
Junior Waratahs,1365
Buller,1363
North Otago,1363
Mongolia,1361
Serbia,1357
Glasgow,1357
Mie Honda Heat,1356
West Coast,1356
Albania,1353
Poverty Bay / East Coast,1353
ACT A,1351
Denmark,1351
Botswana,1349
Ghana,1347
British Virgin Islands,1346
Moana Pasifika,1345
Wanganui,1344
Latvia,1344
Malawi,1343
Libya,1343
Mayotte,1343
Rwanda,1341
Bermuda,1341
Cornwall,1339
Connacht Rugby,1339
Western Australia,1338
Brazil XV,1337
Lesotho,1334
Urayasu D-Rocks,1333
New Caledonia,1332
USA Select XV,1331
Moldova,1331
Biarritz Olympique,1329
China,1328
Dragons,1327
Panama,1325
Belarus,1324
Brazil,1322
Yacare XV,1320
Arabian Gulf,1317
Boland,1317
USON Nevers,1316
Cote D'Ivoire,1314
Czechoslovakia,1314
North Eastern Districts,1310
Dominican Republic,1310
Brive,1308
Caldy,1307
Anthem Rugby Carolina,1307
Calvisano,1304
Cheetahs,1302
Victoria,1301
North Harbour,1300
Canada A,1299
Scarlets,1295
Israel,1294
Poverty Bay,1291
Western Stormers,1290
Kamaishi Seawaves,1288
Aurillac,1287
Nepal,1284
Andorra,1283
Richmond,1283
Zebre Rugby,1280
Montenegro Presidents XV,1280
Canada East,1279
West Germany,1279
Eswatini,1276
Solomon Islands,1276
Luxembourg,1275
Viadana,1275
Tahiti,1275
Croatia,1274
Peru,1273
Newcastle Red Bulls,1267
Venezuela,1267
Finland,1266
Guam,1262
Carcassonne,1260
Nigeria,1259
Burkina Faso,1258
Cambodia,1255
Oxford University,1254
Hino Red Dolphins,1254
King Country,1252
Bulgaria,1249
Slovenia,1248
New South Wales Country,1247
Samoa A,1246
Curacao,1244
India,1243
Nauru,1241
Laos,1241
Benin,1240
Cameroon,1239
Chinese Taipei,1238
Zebre,1237
Cyprus,1233
El Salvador,1232
Yorkshire Carnegie,1232
East Germany,1228
Togo II,1228
Tau'uta Reds,1225
South Australia,1222
Togo,1216
Cobras,1214
Aironi,1212
Germany,1211
Newcastle,1211
Montauban,1201
Black Lion,1201
Queensland Country,1200
Uzbekistan,1198
Mauritius,1198
Benetton,1197
Guyana,1194
Singapore,1192
Monaco,1180
Tonga A,1174
Swaziland,1173
Burundi,1172
Costa Rica,1165
Cats,1163
London Scottish,1161
Dragons RFC,1158
Kyrgyzstan,1155
Thailand,1154
Bahamas,1154
Lithuania,1153
Bosnia & Herzegovina,1147
Borders,1143
St Vincent and the Grenadines,1140
Zambia,1138
Montenegro,1127
Sunwolves,1126
Golden Cats,1123
Malaysia,1116
Armenia,1107
Newcastle Falcons,1099
Zebre Parma,1072
Vanuatu,1070
St Lucia,1064
Pakistan,1061
US Montauban,1046
Hungary,1040
Turkey,1036
Cambridge,1024
Greece,1015
Ecuador,1009
Kings,995
Brunei,971
Indonesia,956
London Welsh,952
Slovakia,949
Norway,909
Kosovo,890
Azerbaijan,871
Estonia,625
