Team,xWins,Wins,Performance
New Zealand,412.2040000000002,1054.5,642.2959999999998
South Africa,354.08999999999975,648.0,293.91000000000025
British & Irish Lions,135.10800000000003,355.0,219.89199999999997
Australia,490.7229999999997,619.5,128.77700000000033
France,474.0920000000001,555.0,80.9079999999999
England,465.73900000000015,523.0,57.260999999999854
New Zealand Maori,58.23699999999997,95.5,37.26300000000003
Wales,451.60200000000015,469.5,17.897999999999854
Romania,262.6630000000001,279.5,16.836999999999875
Argentina XV,42.098000000000006,58.0,15.901999999999994
Argentina Jaguars,17.564,28.0,10.436
Stade Toulousain,30.374,40.5,10.126000000000001
Bath Rugby,30.095000000000002,40.0,9.904999999999998
Union Bordeaux-Begles,28.51899999999999,38.0,9.481000000000009
Fiji Warriors,53.34799999999999,62.5,9.152000000000008
Leinster,28.452,37.5,9.047999999999998
Ealing Trailfinders,11.767999999999999,20.0,8.232000000000001
Argentina,325.95099999999974,333.5,7.549000000000262
Junior All Blacks,9.073999999999998,16.5,7.426000000000002
Maori All Blacks,8.649999999999999,16.0,7.350000000000001
Canterbury,19.662,27.0,7.338000000000001
Kubota Spears,13.834999999999997,20.5,6.665000000000003
England U23,4.344,11.0,6.656
Scotland A,16.189,22.5,6.311
France A,15.802,22.0,6.198
Kobelco Kobe Steelers,12.867000000000003,19.0,6.132999999999997
England Saxons,9.306,15.0,5.694000000000001
Colomiers,21.658,27.0,5.341999999999999
Australia A,10.729,16.0,5.271000000000001
French Selection,9.609,14.5,4.891
Chiefs,13.153,18.0,4.8469999999999995
Saitama Wild Knights,13.689999999999998,18.5,4.810000000000002
Sydney,6.237999999999999,11.0,4.762000000000001
Buenos Aires,1.8039999999999998,6.5,4.696
South Africa A,2.856,7.5,4.644
Qatar,11.624999999999998,16.0,4.375000000000002
Otago,16.662000000000003,21.0,4.337999999999997
Glasgow Warriors,22.767999999999997,27.0,4.232000000000003
South Africa U23,5.8469999999999995,10.0,4.1530000000000005
CA Brive,21.651,25.5,3.849
Free State,6.219,10.0,3.7809999999999997
Hawke's Bay,11.281999999999998,15.0,3.7180000000000017
ACT,4.84,8.5,3.66
Llanelli,5.4270000000000005,9.0,3.5729999999999995
New South Wales,21.029,24.5,3.471
Transvaal,9.529,13.0,3.471
Emerging South Africa,4.0760000000000005,7.5,3.4239999999999995
Crusaders,13.708999999999998,17.0,3.291000000000002
Lebanon,12.224999999999998,15.5,3.275000000000002
Ireland A,9.745,13.0,3.255000000000001
Mexico,20.914000000000005,24.0,3.085999999999995
Hong Kong China,10.035,13.0,2.965
Wales B,3.588,6.5,2.912
Northampton Saints,30.597,33.5,2.9029999999999987
Philippines,20.108999999999998,23.0,2.891000000000002
Emerging Ireland,6.109999999999999,9.0,2.8900000000000006
England A,11.184,14.0,2.8160000000000007
USA South,10.203999999999999,13.0,2.796000000000001
Australian Barbarians,0.73,3.5,2.77
Natal Sharks,4.756,7.5,2.7439999999999998
Swansea,5.304999999999999,8.0,2.695000000000001
Georgia,176.31400000000002,179.0,2.6859999999999786
Pampas XV,6.316,9.0,2.684
Hanazono Kinetsu Liners,4.349,7.0,2.651
Auckland,11.854000000000001,14.5,2.645999999999999
Midland Counties,2.931,5.5,2.569
Northern Division,1.9860000000000002,4.5,2.514
Coventry,12.559,15.0,2.4410000000000007
Bedford Blues,12.086999999999998,14.5,2.413000000000002
Cuyo,1.105,3.5,2.395
Canada West,7.614,10.0,2.386
Cote Basque-Landes,1.151,3.5,2.349
Munster,27.203,29.5,2.2970000000000006
Montpellier Herault Rugby Club,28.291000000000004,30.5,2.208999999999996
Waikato,12.817000000000002,15.0,2.182999999999998
Leicester Tigers,32.336000000000006,34.5,2.1639999999999944
Northern Transvaal,6.352,8.5,2.1479999999999997
Algeria,12.863000000000003,15.0,2.136999999999997
Western Province Town & Country,0.866,3.0,2.134
Border,4.893999999999999,7.0,2.1060000000000008
London Counties,2.4650000000000003,4.5,2.0349999999999997
Cardiff,8.534,10.5,1.9659999999999993
Pampas,4.044,6.0,1.9560000000000004
Valence Romans,20.047999999999995,22.0,1.9520000000000053
French Universities,0.097,2.0,1.903
Northern Universities,0.641,2.5,1.859
All Blacks XV,5.153999999999999,7.0,1.846000000000001
Northern Provinces,0.661,2.5,1.839
Argentina A,9.676,11.5,1.8239999999999998
Western Province Town,0.6859999999999999,2.5,1.814
Hurricanes Development XV,5.215999999999999,7.0,1.7840000000000007
New Zealand A,0.275,2.0,1.725
South Africa Invitational XV,1.292,3.0,1.708
Bay of Plenty,10.298,12.0,1.702
Griqualand West,8.336,10.0,1.6639999999999997
USSR,92.84000000000003,94.5,1.6599999999999682
Iran,11.843,13.5,1.657
South Island Divisional XV,0.863,2.5,1.637
Eastern Transvaal,2.8729999999999993,4.5,1.6270000000000007
Niger,13.876000000000001,15.5,1.6239999999999988
Section Paloise,26.443,28.0,1.5569999999999986
London,0.507,2.0,1.4929999999999999
England B,5.582,7.0,1.4180000000000001
Rhodesia,3.5999999999999996,5.0,1.4000000000000004
Czechia,17.615999999999996,19.0,1.384000000000004
French Regional XV,4.6370000000000005,6.0,1.3629999999999995
South West,0.641,2.0,1.359
New Zealand Divisional XV,6.654,8.0,1.346
Cyprus,34.666000000000004,36.0,1.333999999999996
South of Scotland,3.6710000000000003,5.0,1.3289999999999997
North of England,1.742,3.0,1.258
Griquas,4.768,6.0,1.2320000000000002
Anglo-Scots,0.779,2.0,1.221
South Africa Amateurs,2.842,4.0,1.158
Senegal A,1.8529999999999998,3.0,1.1470000000000002
Niue Island,9.854,11.0,1.1460000000000008
Stormers,21.85799999999999,23.0,1.1420000000000101
Queensland,18.862000000000002,20.0,1.1379999999999981
Hurricanes,12.864,14.0,1.1359999999999992
SA President's XV,1.882,3.0,1.118
North East Counties,0.8959999999999999,2.0,1.104
Rosario,1.9089999999999998,3.0,1.0910000000000002
Midland Division,0.911,2.0,1.089
Newport,2.917,4.0,1.0830000000000002
Shimizu Blue Sharks,4.917,6.0,1.0830000000000002
Golden Lions,4.92,6.0,1.08
South & South West Division,0.44799999999999995,1.5,1.052
Japan XV,5.962000000000001,7.0,1.0379999999999994
Impala,1.982,3.0,1.018
Toshiba Brave Lupus,12.982999999999999,14.0,1.0170000000000012
Provence-Cote d'Azur,0.007,1.0,0.993
South Africa Combined Services,0.03,1.0,0.97
Wellington,10.532,11.5,0.968
Suva-Rewa XV,0.5389999999999999,1.5,0.9610000000000001
Provence / Litoral,0.039,1.0,0.961
Banco Nación,0.049,1.0,0.951
English National Divisons XV,0.051000000000000004,1.0,0.949
Western Province Universities,1.5619999999999998,2.5,0.9380000000000002
Highlanders Development XV,2.5789999999999997,3.5,0.9210000000000003
Scottish Select XV,0.079,1.0,0.921
Eastern Fiji Select,0.081,1.0,0.919
Junior Springboks,5.084,6.0,0.9160000000000004
Alps,0.096,1.0,0.904
Mali,11.097,12.0,0.9030000000000005
Glasgow,1.1099999999999999,2.0,0.8900000000000001
Ireland U25 XV,1.119,2.0,0.881
CS Bourgoin-Jallieu,0.125,1.0,0.875
SA Country Districts B,0.129,1.0,0.871
Hong Kong A,1.133,2.0,0.867
New Zealand Academy,0.136,1.0,0.864
Northern Counties,1.145,2.0,0.855
Languedoc,0.155,1.0,0.845
Crusaders Knights,5.1579999999999995,6.0,0.8420000000000005
British XV,1.158,2.0,0.8420000000000001
Auvergne,0.159,1.0,0.841
Ile-de-France,0.162,1.0,0.838
Capibaras XV,3.164,4.0,0.8359999999999999
Taranaki,12.169999999999998,13.0,0.8300000000000018
Cardiff Blues,0.174,1.0,0.8260000000000001
Atlantique,0.176,1.0,0.8240000000000001
Dogos,4.183,5.0,0.8170000000000002
Scotland Development XV,1.1960000000000002,2.0,0.8039999999999998
Monmouthshire,1.208,2.0,0.792
New Zealand Vikings,0.222,1.0,0.778
Montferrand,0.227,1.0,0.773
Macau,0.232,1.0,0.768
Breconshire,0.241,1.0,0.759
South African Kings,2.249,3.0,0.7509999999999999
Reef & Country,0.265,1.0,0.735
East Glamorgan,0.27,1.0,0.73
Midlands & North of England,0.27,1.0,0.73
Combined Western Province,0.271,1.0,0.729
San Isidro,0.28300000000000003,1.0,0.717
Counties,4.295,5.0,0.7050000000000001
Queensland Reds,14.295999999999996,15.0,0.7040000000000042
Anthem Rugby Carolina,1.2959999999999998,2.0,0.7040000000000002
French Army,1.2990000000000002,2.0,0.7009999999999998
Edinburgh,2.306,3.0,0.694
Fiji B,0.311,1.0,0.6890000000000001
Toyota Industries Shuttles,5.314,6.0,0.6859999999999999
Kenya A,3.319,4.0,0.681
South East Transvaal,1.324,2.0,0.6759999999999999
West Hartlepool,0.325,1.0,0.675
Glamorgan Wanderers,0.348,1.0,0.652
Barbarians,25.864000000000008,26.5,0.6359999999999921
Chile XV,4.367,5.0,0.633
Emerging England,0.37,1.0,0.63
North Auckland,7.870000000000002,8.5,0.6299999999999981
Eastern Transvaal / North Natal,0.374,1.0,0.626
Worcester Warriors,12.377000000000002,13.0,0.6229999999999976
West Glamorgan,0.388,1.0,0.612
South West Division,0.39199999999999996,1.0,0.6080000000000001
Western Province / South Western Districts / Boland,0.397,1.0,0.603
Northern & Western Transvaal,0.399,1.0,0.601
"Pontypool, Cross Keys & Newbridge",0.403,1.0,0.597
Ebbw Vale,0.40399999999999997,1.0,0.5960000000000001
Tucumán RC,1.41,2.0,0.5900000000000001
Bourg,0.411,1.0,0.589
Thames Valley,2.412,3.0,0.5880000000000001
Devon / Cornwall,0.9209999999999999,1.5,0.5790000000000001
Leeds Carnegie,0.424,1.0,0.5760000000000001
Sussex,1.436,2.0,0.5640000000000001
Cape Colony,0.438,1.0,0.562
England XV,1.439,2.0,0.5609999999999999
East Wales,1.9430000000000003,2.5,0.5569999999999997
New Zealand Universities,3.445,4.0,0.5550000000000002
Southern Universities,0.46199999999999997,1.0,0.538
Pretoria,1.469,2.0,0.5309999999999999
The South,0.47,1.0,0.53
South America XV,9.477,10.0,0.5229999999999997
Fiji President's XV,0.485,1.0,0.515
England U25,0.504,1.0,0.496
Wales U25,0.506,1.0,0.494
Lourdes,0.509,1.0,0.491
Argentina Juniors,0.513,1.0,0.487
Bristol Rugby,0.52,1.0,0.48
Northern Transvaal Country,0.52,1.0,0.48
Bangladesh,0.522,1.0,0.478
Transvaal Colleges,0.524,1.0,0.476
Armenia,15.533000000000001,16.0,0.46699999999999875
Ireland XV,1.548,2.0,0.45199999999999996
Namibia President's XV,1.061,1.5,0.43900000000000006
Apia,0.567,1.0,0.43300000000000005
Witwatersrand,0.5700000000000001,1.0,0.42999999999999994
Selknam,4.571000000000001,5.0,0.4289999999999994
Reds College XV,1.572,2.0,0.42799999999999994
Queensland Presidents XV,0.075,0.5,0.425
Littoral Region XV,0.5790000000000001,1.0,0.42099999999999993
Fiji A,0.585,1.0,0.41500000000000004
French Police,0.092,0.5,0.40800000000000003
Sydenham,0.596,1.0,0.404
USA Grizzlies,0.5990000000000001,1.0,0.4009999999999999
US Army,0.606,1.0,0.394
Pacific Barbarians,0.606,1.0,0.394
Gosforth,0.606,1.0,0.394
Old Glory DC,0.606,1.0,0.394
ACT XV,1.607,2.0,0.393
Leicestershire Centenary XV,0.61,1.0,0.39
West Midlands,1.116,1.5,0.3839999999999999
Santa Fé,0.6170000000000001,1.0,0.3829999999999999
London Division,0.629,1.0,0.371
Wales Development XV,0.645,1.0,0.355
Birkenhead Park,0.648,1.0,0.352
Nicaragua,1.6520000000000001,2.0,0.34799999999999986
Northern Transvaal U20,0.655,1.0,0.345
Eastern Free State,0.656,1.0,0.344
Martinique,1.6600000000000001,2.0,0.33999999999999986
Headingley,0.662,1.0,0.33799999999999997
Democratic Republic of Congo,0.666,1.0,0.33399999999999996
Italy U21,0.671,1.0,0.32899999999999996
Bahrain,0.672,1.0,0.32799999999999996
Yorkshire Carnegie,0.175,0.5,0.325
Wales A,3.178,3.5,0.32200000000000006
Irish Development XV,0.678,1.0,0.32199999999999995
Italy XV,1.183,1.5,0.31699999999999995
Wanganui / King Country,0.6839999999999999,1.0,0.31600000000000006
Western Province Country,0.6849999999999999,1.0,0.31500000000000006
Chicago Hounds,0.69,1.0,0.31000000000000005
Welsh Clubs XV,0.6900000000000001,1.0,0.30999999999999994
Maesteg,0.191,0.5,0.309
South Africa Defence,0.699,1.0,0.30100000000000005
Emerging Australians,0.199,0.5,0.301
Esher,0.204,0.5,0.29600000000000004
Interior Selection,0.21100000000000002,0.5,0.289
Chinnor,11.713000000000001,12.0,0.28699999999999903
South & South West Counties,1.716,2.0,0.28400000000000003
Samoa President's XV,0.717,1.0,0.28300000000000003
Far Northern Transvaal,0.22,0.5,0.28
Gala,0.721,1.0,0.279
Provence Rugby,22.725,23.0,0.2749999999999986
France XV,0.732,1.0,0.268
Glamorgan U25,0.747,1.0,0.253
South India,0.752,1.0,0.248
Democratic Republic of Congo A,0.757,1.0,0.243
SRU President's XV,0.76,1.0,0.24
New Zealand XV,0.767,1.0,0.23299999999999998
English Students,2.7670000000000003,3.0,0.23299999999999965
Country XV,0.769,1.0,0.23099999999999998
Bridgend,1.2719999999999998,1.5,0.2280000000000002
Oxfordshire,0.776,1.0,0.22399999999999998
Surrey,0.27699999999999997,0.5,0.22300000000000003
Gloucestershire,0.78,1.0,0.21999999999999997
Nadroga,0.782,1.0,0.21799999999999997
New South Wales B,0.784,1.0,0.21599999999999997
Chiefs Development XV,4.79,5.0,0.20999999999999996
South Western Counties,0.793,1.0,0.20699999999999996
Free State Country,0.804,1.0,0.19599999999999995
Pembrokeshire,0.806,1.0,0.19399999999999995
South Canterbury,2.812,3.0,0.18800000000000017
Penguin International RFC,0.813,1.0,0.18700000000000006
Eastern Union,0.825,1.0,0.17500000000000004
Mpumalanga,0.32699999999999996,0.5,0.17300000000000004
Egypt,1.828,2.0,0.17199999999999993
Western Force A,2.829,3.0,0.17099999999999982
Gloucestershire-Somerset,0.8339999999999999,1.0,0.16600000000000015
Aberavon,1.8359999999999999,2.0,0.16400000000000015
New Zealand Army,0.839,1.0,0.16100000000000003
Glasgow / Edinburgh,0.8430000000000001,1.0,0.15699999999999992
Dinamo Bucuresti,0.851,1.0,0.14900000000000002
Combined Clubs XV,0.358,0.5,0.14200000000000002
Queensland U20,0.863,1.0,0.137
Ireland Students,0.864,1.0,0.136
Nelson / Golden Bay-Motueka,0.366,0.5,0.134
Brisbane Academy,0.869,1.0,0.131
Neath,1.8730000000000002,2.0,0.12699999999999978
Northern Territory,0.877,1.0,0.123
Australian Universities,1.38,1.5,0.1200000000000001
Brisbane,0.888,1.0,0.11199999999999999
Combined Provinces,1.3929999999999998,1.5,0.1070000000000002
West Wales,2.394,2.5,0.10599999999999987
Free State / Griqualand West / South West Africa,0.397,0.5,0.10299999999999998
South West Africa,0.911,1.0,0.08899999999999997
Mid Canterbury,1.9259999999999997,2.0,0.07400000000000029
Queensland A,1.928,2.0,0.07200000000000006
Blackheath,0.444,0.5,0.055999999999999994
Brazil A,1.945,2.0,0.05499999999999994
Midwest RFU,0.953,1.0,0.04700000000000004
San Juan,0.953,1.0,0.04700000000000004
Guadeloupe,1.969,2.0,0.030999999999999917
RFU Championship XV,0.9790000000000001,1.0,0.020999999999999908
Northern Free State,0.48,0.5,0.020000000000000018
Treorchy,0.494,0.5,0.006000000000000005
Dungannon,0.495,0.5,0.0050000000000000044
Savai'i Samoa,14.998999999999995,15.0,0.0010000000000047748
England Rugby Partnership XV,0.004,0.0,-0.004
Hartpury University RFC,12.007000000000001,12.0,-0.0070000000000014495
Boland Invitation XV,0.008,0.0,-0.008
Glasgow Caledonians,0.009,0.0,-0.009
New Zealand Provincial Barbarians,0.011,0.0,-0.011
Centre-Limousin,0.011,0.0,-0.011
Neuquen,0.511,0.5,-0.01100000000000001
First Nations and Pasifika XV,0.013,0.0,-0.013
Paul Roos XV,0.015,0.0,-0.015
NSW / Queensland Country,0.015,0.0,-0.015
Waratahs,0.015,0.0,-0.015
Reds,0.015,0.0,-0.015
Quaggas,0.015,0.0,-0.015
Invitational Australia & New Zealand,0.016,0.0,-0.016
Rebels,0.016,0.0,-0.016
Italian Presidents XV,0.018,0.0,-0.018
Auvergne Selection,0.02,0.0,-0.02
Eastern XV,0.02,0.0,-0.02
Australia B,0.02,0.0,-0.02
Litoral Selection,0.02,0.0,-0.02
Western XV,0.02,0.0,-0.02
CONSUR XV,0.021,0.0,-0.021
Presidents XV,0.021,0.0,-0.021
Emerging Wales,0.522,0.5,-0.02200000000000002
British Columbia U25,0.023,0.0,-0.023
Chilean Invitational,0.024,0.0,-0.024
Chile A,2.024,2.0,-0.02400000000000002
British Schools Old Boys,0.026,0.0,-0.026
Romania Sud XV,0.026,0.0,-0.026
Quaggas-Barbarians,0.027,0.0,-0.027
South Eastern France,0.027,0.0,-0.027
Central Unions,0.029,0.0,-0.029
Riverina,0.029,0.0,-0.029
South Africa Barbarians South,0.029,0.0,-0.029
Mendoza,0.53,0.5,-0.030000000000000027
South West Zone,0.031,0.0,-0.031
Cougars,0.031,0.0,-0.031
Pontypool / Newbridge,0.032,0.0,-0.032
South Africa Barbarians North,0.032,0.0,-0.032
Victoria / South Australia,0.034,0.0,-0.034
ANZAC,0.035,0.0,-0.035
Western Japan,0.036,0.0,-0.036
Welsh Students,0.036,0.0,-0.036
Royal XV,0.036,0.0,-0.036
OFS Country Invitation XV,0.036,0.0,-0.036
"Midlands, London & Home Counties",0.036,0.0,-0.036
Canada Select XV,2.036,2.0,-0.03600000000000003
Southland,15.536999999999999,15.5,-0.036999999999999034
Southern New South Wales,0.037,0.0,-0.037
Argentina B,0.037000000000000005,0.0,-0.037000000000000005
Buenos Aries Selection,0.038,0.0,-0.038
Eastern Canada,0.038,0.0,-0.038
SA Universities,0.038,0.0,-0.038
Canada B,0.039,0.0,-0.039
New York Metropolitan,0.041,0.0,-0.041
Northern New South Wales,0.042,0.0,-0.042
Coast of Basque,0.042,0.0,-0.042
Tasmanian Invitation,0.042,0.0,-0.042
Eastern Province Kings,0.042,0.0,-0.042
Combined Waseda U and Kinki Nihon Railway XV,0.043,0.0,-0.043
Blues Development XV,3.043,3.0,-0.04300000000000015
Junior Wallabies,0.044,0.0,-0.044
Royal Navy,0.044,0.0,-0.044
Rest of Scottish Districts,0.045,0.0,-0.045
Fijian Barbarians,0.045,0.0,-0.045
Royal Air Force,0.045,0.0,-0.045
ACT Presidents XV,0.046,0.0,-0.046
British Army,0.047,0.0,-0.047
Western New South Wales,0.047,0.0,-0.047
Southern Region XV,0.049,0.0,-0.049
"Lancashire, Chesire & Yorkshire",0.051,0.0,-0.051
Lower Mainland,0.051,0.0,-0.051
Northern Services,0.051,0.0,-0.051
Wellington Province,0.051,0.0,-0.051
Northern Region XV,0.052,0.0,-0.052
Club Atlético de San Isidro,0.052,0.0,-0.052
Cheshire,0.053,0.0,-0.053
Combined XV,0.054,0.0,-0.054
Durham / Northumberland,0.054,0.0,-0.054
Cheltenham,0.055,0.0,-0.055
Canada All Stars,0.056,0.0,-0.056
North Midlands & Warwickshire,0.056,0.0,-0.056
Rugby East (USA),0.056,0.0,-0.056
Classic Wallabies,0.058,0.0,-0.058
Northern Suburbs,0.058,0.0,-0.058
Scottish Universities,0.059,0.0,-0.059
British Columbia XV,0.06,0.0,-0.06
Quebec & Maritimes,0.062,0.0,-0.062
Mid-Districts (Wales),0.066,0.0,-0.066
Basque Selection,1.067,1.0,-0.06699999999999995
California,0.07,0.0,-0.07
Nelson Bays,2.571,2.5,-0.07100000000000017
University of California,0.072,0.0,-0.072
West Japan,0.072,0.0,-0.072
British Army of the Rhine,0.075,0.0,-0.075
Cordoba,1.5750000000000002,1.5,-0.07500000000000018
USA B,0.076,0.0,-0.076
Valencia Select,0.078,0.0,-0.078
University of British Columbia,0.081,0.0,-0.081
Hampshire & Sussex,0.081,0.0,-0.081
Western Fiji Select,0.083,0.0,-0.083
New York Selection,0.083,0.0,-0.083
Castille / Leon XV,0.085,0.0,-0.085
Canadian Select XV,0.085,0.0,-0.085
South West XV,0.085,0.0,-0.085
Auckland-North Auckland,0.086,0.0,-0.086
Fiji XV,0.087,0.0,-0.087
Combined Central / Western,0.088,0.0,-0.088
North West Counties,1.088,1.0,-0.08800000000000008
Spain U23,0.09,0.0,-0.09
Aquitaine XV,0.092,0.0,-0.092
Australian United Services,0.093,0.0,-0.093
Cumberland,0.094,0.0,-0.094
Basque Country,0.096,0.0,-0.096
Combined Western,0.096,0.0,-0.096
Devonport Albion,0.098,0.0,-0.098
East Japan,0.099,0.0,-0.099
Middlesex,1.1030000000000002,1.0,-0.1030000000000002
Japan U23,0.106,0.0,-0.106
Currie Cup Select,0.107,0.0,-0.107
King Country / Counties,0.108,0.0,-0.108
Gloucestershire / Somerset,0.11,0.0,-0.11
South East,0.11099999999999999,0.0,-0.11099999999999999
North & Midlands of Scotland,1.111,1.0,-0.11099999999999999
Suntory,0.113,0.0,-0.113
Tarucas,5.114,5.0,-0.11399999999999988
Northumberland & Cheshire,0.114,0.0,-0.114
South Australian Presidents XV,0.115,0.0,-0.115
Eastern Province Inv. XV,0.618,0.5,-0.118
Bay of Plenty / Counties / Thames Valley,0.12,0.0,-0.12
South Africa Rugby Association,0.121,0.0,-0.121
Dublin University,0.122,0.0,-0.122
Pyrenees,0.122,0.0,-0.122
Western Transvaal,3.123,3.0,-0.12300000000000022
Mashonaland County Districts,0.124,0.0,-0.124
Queensland XV,0.126,0.0,-0.126
Samoa Development Team,0.128,0.0,-0.128
Johannesburg Town,0.134,0.0,-0.134
Italy Emergenti XV,0.136,0.0,-0.136
Tonga Presidents XV,1.139,1.0,-0.139
Calgary,0.139,0.0,-0.139
United Services,0.14,0.0,-0.14
Lautoka,0.141,0.0,-0.141
Narbonne,0.141,0.0,-0.141
Hartlepool Clubs,0.142,0.0,-0.142
Goshawks,0.144,0.0,-0.144
President's Trophy XV,0.144,0.0,-0.144
Pontypool & Cross Keys,0.147,0.0,-0.147
Gold Cup XV,0.15,0.0,-0.15
North Viti Levu,0.15,0.0,-0.15
Randwick,0.151,0.0,-0.151
Abertillery & Cross Keys,0.152,0.0,-0.152
Gwent,0.153,0.0,-0.153
Johannesburg Country,0.153,0.0,-0.153
Invitation XV,0.154,0.0,-0.154
Australian Southern States,0.155,0.0,-0.155
Cote d'Azur,0.155,0.0,-0.155
Japan President's XV,0.155,0.0,-0.155
Cornwall-Devon,0.157,0.0,-0.157
Mongolia,3.157,3.0,-0.15700000000000003
Canadian Wolverines,0.158,0.0,-0.158
New South Wales XV,0.161,0.0,-0.161
SA Mining XV,0.162,0.0,-0.162
Wasps,0.162,0.0,-0.162
Boland Kavaliers,4.164,4.0,-0.1639999999999997
Mauritania,1.165,1.0,-0.16500000000000004
Kyushu,0.6659999999999999,0.5,-0.16599999999999993
South African Coloured XV,0.166,0.0,-0.166
Yorshire / Cumberland,0.16699999999999998,0.0,-0.16699999999999998
North-West Counties,0.168,0.0,-0.168
Queenstown,0.171,0.0,-0.171
West of Scotland,0.174,0.0,-0.174
New England,0.175,0.0,-0.175
Lancashire,0.177,0.0,-0.177
Queensland B,1.179,1.0,-0.17900000000000005
Natal Country,0.18,0.0,-0.18
Northern Region,0.18,0.0,-0.18
Leicester & East Midlands,0.181,0.0,-0.181
RC Toulonnais,29.697,29.5,-0.19699999999999918
Uganda A,1.1989999999999998,1.0,-0.19899999999999984
Ashburton County / North Otago,0.199,0.0,-0.199
Guatemala,7.705,7.5,-0.20500000000000007
New Zealand Cavaliers,8.205,8.0,-0.20500000000000007
Lancashire / Cheshire,0.20600000000000002,0.0,-0.20600000000000002
Northern OFS,0.208,0.0,-0.208
North Otago,3.2110000000000003,3.0,-0.2110000000000003
Waikato / King Country / Thames Valley,0.217,0.0,-0.217
Salta,0.218,0.0,-0.218
Poverty Bay / Bay of Plenty / East Coast,0.21899999999999997,0.0,-0.21899999999999997
USA Development XV,0.219,0.0,-0.219
Vancouver,0.223,0.0,-0.223
South Africa Country Districts,1.225,1.0,-0.2250000000000001
Central Region,0.227,0.0,-0.227
Western Districts,0.232,0.0,-0.232
Select XV,0.7330000000000001,0.5,-0.2330000000000001
Nadi,0.23399999999999999,0.0,-0.23399999999999999
Spanish Presidents XV,0.234,0.0,-0.234
Fiji Juniors,0.236,0.0,-0.236
South African Colleges,0.237,0.0,-0.237
Fiji Development XV,0.251,0.0,-0.251
Yorkshire,0.252,0.0,-0.252
Boland Country,0.252,0.0,-0.252
Mashonaland,1.2520000000000002,1.0,-0.2520000000000002
Western Province,13.252,13.0,-0.25200000000000067
Moscow,0.756,0.5,-0.256
Tarn,0.261,0.0,-0.261
Armed Forces,0.262,0.0,-0.262
Rewa,0.264,0.0,-0.264
Patrons XV,0.266,0.0,-0.266
Rebel Rising,0.268,0.0,-0.268
Transvaal Universities,0.269,0.0,-0.269
Marlborough / Nelson Bays,0.271,0.0,-0.271
Sydney Academy,2.274,2.0,-0.274
Northern Union,0.28,0.0,-0.28
Eastern Province Country,0.28,0.0,-0.28
Suva European XV,0.287,0.0,-0.287
Limousin-Auvergne,0.288,0.0,-0.288
US Falcons,6.289000000000001,6.0,-0.2890000000000006
East Midlands,1.293,1.0,-0.2929999999999999
Namibia South Sub-Union,0.294,0.0,-0.294
Réunion,3.296,3.0,-0.2959999999999998
North-East Counties,0.298,0.0,-0.298
Varsavia Select XV,0.299,0.0,-0.299
Western Province Colleges,0.3,0.0,-0.3
Manuma Samoa,3.302,3.0,-0.30200000000000005
Matabeleland,0.303,0.0,-0.303
Durban,0.307,0.0,-0.307
Transvaal XV,0.308,0.0,-0.308
Metropolitan,0.30800000000000005,0.0,-0.30800000000000005
Northland,6.3149999999999995,6.0,-0.3149999999999995
Vava'u & 'Ena Combined,0.316,0.0,-0.316
Midlands,0.316,0.0,-0.316
Southern RFU,0.317,0.0,-0.317
Mali A,2.317,2.0,-0.31700000000000017
South Africa Development XV,0.318,0.0,-0.318
North Queensland,0.319,0.0,-0.319
Fiji European,0.32,0.0,-0.32
Kent,0.324,0.0,-0.324
West Coast / Buller,1.325,1.0,-0.32499999999999996
Abertillery,0.33,0.0,-0.33
Ashburton County,0.332,0.0,-0.332
Canterbury Development XV,0.349,0.0,-0.349
Northumberland,0.35,0.0,-0.35
Suva,0.351,0.0,-0.351
Kanto,0.355,0.0,-0.355
Reds A,2.355,2.0,-0.355
Ukraine XV,0.356,0.0,-0.356
Pietermaritzburg,0.358,0.0,-0.358
North Eastern Cape,1.36,1.0,-0.3600000000000001
South Africa Rugby Federation XV,0.363,0.0,-0.363
Cairns,0.364,0.0,-0.364
Belgrano Athletic,0.366,0.0,-0.366
French Barbarians,14.368,14.0,-0.3680000000000003
Eastern Counties,0.369,0.0,-0.369
Cook Islands Presidents XV,0.371,0.0,-0.371
Central Vikings,0.371,0.0,-0.371
South Africa African XV,0.374,0.0,-0.374
Redruth,0.375,0.0,-0.375
London Welsh,0.377,0.0,-0.377
Abertillery/Ebbw Vale,0.379,0.0,-0.379
East London,0.379,0.0,-0.379
Metropolitan Counties,0.382,0.0,-0.382
Toronto,0.383,0.0,-0.383
East Canada,0.386,0.0,-0.386
Pyrenees / Ariege,0.387,0.0,-0.387
Saskatchewan,0.387,0.0,-0.387
Central Universities,0.387,0.0,-0.387
Counties / Thames Valley,0.388,0.0,-0.388
Eastern Transvaal Country,0.391,0.0,-0.391
Pumas B,0.392,0.0,-0.392
Japan Universities,0.392,0.0,-0.392
North Island XV,0.398,0.0,-0.398
UAE,0.4,0.0,-0.4
New South Wales U20,0.4,0.0,-0.4
Western Australia,2.9019999999999997,2.5,-0.4019999999999997
Shaheen,0.403,0.0,-0.403
Combined Services,3.404,3.0,-0.4039999999999999
Thames Valley / Bay of Plenty,0.406,0.0,-0.406
Transvaal Country Invitation XV,0.40700000000000003,0.0,-0.40700000000000003
Bush,0.408,0.0,-0.408
Kansai,0.41000000000000003,0.0,-0.41000000000000003
Durham,0.41000000000000003,0.0,-0.41000000000000003
Pontypool,0.41100000000000003,0.0,-0.41100000000000003
North-West Fiji,0.417,0.0,-0.417
Liegi Select XV,0.417,0.0,-0.417
Eastern Transvaal / Natal / Transvaal,0.422,0.0,-0.422
King William's Town,0.427,0.0,-0.427
Waseda University,0.428,0.0,-0.428
Provinical Selection,0.43,0.0,-0.43
Townsville,0.433,0.0,-0.433
South African Barbarians,0.933,0.5,-0.43300000000000005
British Columbia Presidents XV,0.436,0.0,-0.436
Central West,0.43799999999999994,0.0,-0.43799999999999994
Glamorgan,0.441,0.0,-0.441
South Rhodesia,0.45,0.0,-0.45
Wallis & Fortuna,0.451,0.0,-0.451
Nepal,0.458,0.0,-0.458
Seddon Shield XV,0.458,0.0,-0.458
Far West,0.463,0.0,-0.463
Ulster,23.963000000000008,23.5,-0.46300000000000807
Fiji (Eastern Division),0.465,0.0,-0.465
London & South East,0.467,0.0,-0.467
North Wales,1.467,1.0,-0.4670000000000001
North Midlands,0.473,0.0,-0.473
Cambridge University,3.474,3.0,-0.4740000000000002
South African Universities,0.48,0.0,-0.48
Armagnac,0.482,0.0,-0.482
Grahamstown,0.485,0.0,-0.485
Mediterranean XV,0.486,0.0,-0.486
Selection Centre,0.486,0.0,-0.486
Wanganui / Manawatu,0.489,0.0,-0.489
Roussillon,0.49,0.0,-0.49
South West Africa Country,0.493,0.0,-0.493
Fiji (Western Division),0.496,0.0,-0.496
Welwitschia,0.497,0.0,-0.497
Alberta,1.502,1.0,-0.502
RC Vannes,27.506,27.0,-0.5060000000000002
Taranaki / King Country,0.509,0.0,-0.509
SA Gazelles,6.509,6.0,-0.5090000000000003
Hawke's Bay / Poverty Bay,0.513,0.0,-0.513
Saudi Arabia,0.519,0.0,-0.519
Japan B,0.521,0.0,-0.521
Rwanda,6.521000000000001,6.0,-0.5210000000000008
Zimbabwe Goshawks,0.522,0.0,-0.522
Heineken Select,0.522,0.0,-0.522
South West Africa / Griqualand West / NW Cape,0.524,0.0,-0.524
Wairarapa,0.529,0.0,-0.529
Pumas C,0.535,0.0,-0.535
Nelson Bays / Marlborough / Golden Bay / Motueka,1.036,0.5,-0.536
Mount Isa,0.544,0.0,-0.544
Cape Town Suburbs,0.545,0.0,-0.545
Border /  Eastern Province / North Eastern Districts,0.545,0.0,-0.545
British Columbia,6.0489999999999995,5.5,-0.5489999999999995
New Zealand Heartland XV,2.549,2.0,-0.5489999999999999
Peñarol,4.549,4.0,-0.5490000000000004
Dunvant,0.554,0.0,-0.554
Languedoc/Roussillon,0.555,0.0,-0.555
Northern Districts,0.5569999999999999,0.0,-0.5569999999999999
Blues,14.558,14.0,-0.5579999999999998
Tarbes,0.559,0.0,-0.559
Bay of Plenty Maori,0.561,0.0,-0.561
Italy A,11.064999999999996,10.5,-0.564999999999996
South of France,0.567,0.0,-0.567
Neath / Aberavon,0.5670000000000001,0.0,-0.5670000000000001
Combined Universities,0.577,0.0,-0.577
Highfield,0.58,0.0,-0.58
Morocco,57.080999999999975,56.5,-0.5809999999999746
Nova Scotia President's XV,0.587,0.0,-0.587
Mar Del Plata,1.088,0.5,-0.5880000000000001
Western Transvaal Country,0.59,0.0,-0.59
Transkei,0.592,0.0,-0.592
South Eastern Counties,0.601,0.0,-0.601
BC All Stars,0.601,0.0,-0.601
Waratahs A,3.1020000000000003,2.5,-0.6020000000000003
Civil Service,0.605,0.0,-0.605
Cape Town Clubs,0.606,0.0,-0.606
North East Cape / Border / Transkei,0.606,0.0,-0.606
New England Free Jacks,0.606,0.0,-0.606
Grivita RC,0.606,0.0,-0.606
New Zealand Marist,0.606,0.0,-0.606
Combined Boland,0.606,0.0,-0.606
Orange River Colony,0.61,0.0,-0.61
Scottish Districts,0.6110000000000001,0.0,-0.6110000000000001
Zimbabwe B,0.6120000000000001,0.0,-0.6120000000000001
Zimbabwe A,0.62,0.0,-0.62
Warwick,0.629,0.0,-0.629
Nelson,0.63,0.0,-0.63
Devon,0.6329999999999999,0.0,-0.6329999999999999
Hanan Shield Districts,1.636,1.0,-0.6359999999999999
NEC Green Rockets,5.637000000000001,5.0,-0.6370000000000013
Lesotho,6.638,6.0,-0.6379999999999999
Darling Downs,0.6439999999999999,0.0,-0.6439999999999999
Chambery,0.652,0.0,-0.652
Eswatini,0.657,0.0,-0.657
Tasmania,0.661,0.0,-0.661
Port Elizabeth,0.6639999999999999,0.0,-0.6639999999999999
Marlborough,1.6640000000000001,1.0,-0.6640000000000001
South Western Districts,2.6649999999999996,2.0,-0.6649999999999996
Prague,0.671,0.0,-0.671
New South Wales Country,7.177,6.5,-0.6769999999999996
Cape Province,0.677,0.0,-0.677
South West of France,0.688,0.0,-0.688
Toowoomba,0.689,0.0,-0.689
Seattle Seawolves,0.69,0.0,-0.69
Madrid XV,0.6930000000000001,0.0,-0.6930000000000001
South American Jaguars,4.694,4.0,-0.694
Papua New Guinea,22.695999999999998,22.0,-0.695999999999998
Junior Eagles,0.7,0.0,-0.7
Poland A,0.706,0.0,-0.706
North of Scotland,0.7080000000000001,0.0,-0.7080000000000001
Nada RC,0.714,0.0,-0.714
Epra-Sedra,0.719,0.0,-0.719
Free State Cheetahs,4.73,4.0,-0.7300000000000004
Malawi,0.75,0.0,-0.75
Newcastle,0.752,0.0,-0.752
Heriot's FP,0.752,0.0,-0.752
Boland Colleges,0.756,0.0,-0.756
Western Counties,1.7610000000000001,1.0,-0.7610000000000001
Cornwall,2.2670000000000003,1.5,-0.7670000000000003
NSW Waratahs,14.778000000000002,14.0,-0.7780000000000022
Prov. Argentinas,0.781,0.0,-0.781
Pacific Coast,0.7879999999999999,0.0,-0.7879999999999999
Mid-Western Union,0.7909999999999999,0.0,-0.7909999999999999
France B,1.3,0.5,-0.8
Monmouthshire U25,0.801,0.0,-0.801
Brumby Runners,3.802,3.0,-0.802
Classic All Blacks,0.808,0.0,-0.808
Nippon Steel,0.811,0.0,-0.811
Wanganui,3.3119999999999994,2.5,-0.8119999999999994
Eastern Province,2.815,2.0,-0.815
Sharks Invitational XV,0.816,0.0,-0.816
USA Falcons XV,0.8210000000000001,0.0,-0.8210000000000001
Welsh Counties Under-23,0.835,0.0,-0.835
Leopards,0.839,0.0,-0.839
Manawatu / Horowhenua,0.8440000000000001,0.0,-0.8440000000000001
Dinamo Pancevo,0.849,0.0,-0.849
Namibia B,0.8619999999999999,0.0,-0.8619999999999999
Western Union,0.8640000000000001,0.0,-0.8640000000000001
Sharks XV,3.867,3.0,-0.867
Horowhenua Kapti,1.8690000000000002,1.0,-0.8690000000000002
Uruguay XV,7.372,6.5,-0.8719999999999999
Ontario,0.8820000000000001,0.0,-0.8820000000000001
American Samoa,1.8890000000000002,1.0,-0.8890000000000002
Brazil Selection,0.89,0.0,-0.89
Western Force,0.897,0.0,-0.897
Romania XV,2.8979999999999997,2.0,-0.8979999999999997
Rugby Canada,0.902,0.0,-0.902
USA A,0.9039999999999999,0.0,-0.9039999999999999
North West Cape,0.912,0.0,-0.912
El Salvador,3.9250000000000003,3.0,-0.9250000000000003
South Canterbury / Mid Canterbury / North Otago,0.9699999999999999,0.0,-0.9699999999999999
Cornish Pirates,11.51,10.5,-1.0099999999999998
Albania,3.054,2.0,-1.0539999999999998
Southern Counties,1.561,0.5,-1.061
East Coast,1.067,0.0,-1.067
Cross Keys,1.0739999999999998,0.0,-1.0739999999999998
Tasman,5.0840000000000005,4.0,-1.0840000000000005
Congo,2.09,1.0,-1.0899999999999999
Romania B,2.116,1.0,-1.116
Blackrock,1.121,0.0,-1.121
African Barbarians,1.173,0.0,-1.173
Newbridge,1.1880000000000002,0.0,-1.1880000000000002
Tanzania,4.191,3.0,-1.1909999999999998
Junior Waratahs,3.1959999999999997,2.0,-1.1959999999999997
Somerset,1.209,0.0,-1.209
Montenegro Presidents XV,1.225,0.0,-1.225
Buller,1.2890000000000001,0.0,-1.2890000000000001
Honduras,1.294,0.0,-1.294
California Legion,1.2959999999999998,0.0,-1.2959999999999998
Wairarapa Bush,3.816,2.5,-1.3159999999999998
West Coast,2.362,1.0,-1.362
Poverty Bay / East Coast,1.3920000000000001,0.0,-1.3920000000000001
Pontypridd,1.957,0.5,-1.457
Nauru,1.472,0.0,-1.472
Red Hurricanes Osaka,5.48,4.0,-1.4800000000000004
Victoria,3.5059999999999993,2.0,-1.5059999999999993
Indonesia,12.530000000000001,11.0,-1.5300000000000011
Malta,54.535999999999994,53.0,-1.5359999999999943
Poverty Bay,2.551,1.0,-1.5510000000000002
Chad,3.555,2.0,-1.5550000000000002
South Australia,3.057,1.5,-1.557
ACT A,2.559,1.0,-1.5590000000000002
Blue Bulls,4.564,3.0,-1.564
Nottingham,11.074000000000002,9.5,-1.5740000000000016
QAS Reds Academy,1.5899999999999999,0.0,-1.5899999999999999
Bulls,25.595000000000002,24.0,-1.5950000000000024
North Eastern Districts,2.1079999999999997,0.5,-1.6079999999999997
Australia XV,3.1090000000000004,1.5,-1.6090000000000004
Mayotte,1.6869999999999998,0.0,-1.6869999999999998
Oxford / Cambridge Combined,7.695,6.0,-1.6950000000000003
Guam,14.284,12.5,-1.7840000000000007
Belarus,1.7879999999999998,0.0,-1.7879999999999998
Brumbies,16.828,15.0,-1.8279999999999994
Libya,1.828,0.0,-1.828
New Caledonia,2.8390000000000004,1.0,-1.8390000000000004
Kyushudenryoku Kyuden Voltex,5.840999999999999,4.0,-1.8409999999999993
Dominican Republic,2.89,1.0,-1.8900000000000001
Pumas,4.894,3.0,-1.8940000000000001
Boland,1.9379999999999997,0.0,-1.9379999999999997
Counties Manukau,6.940999999999999,5.0,-1.940999999999999
Manawatu,8.981,7.0,-1.9809999999999999
Kyrgyzstan,3.5120000000000005,1.5,-2.0120000000000005
Uruguay A,8.616,6.5,-2.1159999999999997
Agen,20.205,18.0,-2.2049999999999983
Paraguay A,2.2270000000000003,0.0,-2.2270000000000003
Turks and Caicos Islands,6.2280000000000015,4.0,-2.2280000000000015
Black Rams Tokyo,13.256999999999998,11.0,-2.256999999999998
Trinidad & Tobago,27.269,25.0,-2.2689999999999984
Curacao,9.774999999999999,7.5,-2.2749999999999986
Oxford University,3.3350000000000004,1.0,-2.3350000000000004
Stade Francais Paris,25.87899999999999,23.5,-2.3789999999999907
FC Grenoble,23.459,21.0,-2.4589999999999996
Ospreys,20.964000000000002,18.5,-2.464000000000002
Italy B,2.483,0.0,-2.483
Queensland Country,2.5339999999999994,0.0,-2.5339999999999994
Southern Kings,2.699,0.0,-2.699
Togo II,2.7300000000000004,0.0,-2.7300000000000004
Soyaux Angouleme,20.787999999999997,18.0,-2.7879999999999967
Tokyo Sungoliath,13.820000000000002,11.0,-2.820000000000002
British Virgin Islands,7.825000000000001,5.0,-2.825000000000001
King Country,3.8390000000000004,1.0,-2.8390000000000004
Doncaster Knights,11.362000000000002,8.5,-2.862000000000002
Yacare XV,4.8660000000000005,2.0,-2.8660000000000005
Cheetahs,4.4,1.5,-2.9000000000000004
Burkina Faso,19.902,17.0,-2.902000000000001
Yugoslavia,14.976999999999999,12.0,-2.9769999999999985
Benetton Rugby,21.997999999999998,19.0,-2.9979999999999976
Emerging Italy,13.061,10.0,-3.061
Kazakhstan,35.098,32.0,-3.097999999999999
Bermuda,24.637,21.5,-3.1370000000000005
Madagascar,33.19,30.0,-3.1899999999999977
Castres Olympique,29.210999999999995,26.0,-3.210999999999995
Croatia,62.24899999999999,59.0,-3.248999999999988
Tautahi Gold,16.752999999999997,13.5,-3.2529999999999966
Brazil XV,3.2609999999999997,0.0,-3.2609999999999997
Kamaishi Seawaves,6.2620000000000005,3.0,-3.2620000000000005
Connacht,24.78,21.5,-3.280000000000001
Caldy,11.298,8.0,-3.298
Nice,7.330000000000001,4.0,-3.330000000000001
US Hawks,6.843,3.5,-3.343
Shizuoka Blue Revs,13.357999999999999,10.0,-3.3579999999999988
Upolu Samoa,17.859,14.5,-3.3590000000000018
Saracens,27.487999999999992,24.0,-3.4879999999999924
Canada East,6.058,2.5,-3.558
Cambodia,11.578,8.0,-3.5779999999999994
Black Lion,4.66,1.0,-3.66
Aviron Bayonnais,28.27300000000001,24.5,-3.7730000000000103
Jordan,10.857000000000001,7.0,-3.857000000000001
Greece,18.003000000000007,14.0,-4.003000000000007
China,24.522999999999996,20.5,-4.022999999999996
Guyana,22.546000000000003,18.5,-4.046000000000003
Kosovo,6.049,2.0,-4.049
Fijian Drua,11.222,7.0,-4.2219999999999995
Ghana,17.745,13.5,-4.245000000000001
Burundi,4.286,0.0,-4.286
Moldova,54.28800000000001,50.0,-4.288000000000011
Arabian Gulf,19.325000000000003,15.0,-4.325000000000003
Laos,14.352,10.0,-4.352
North Harbour,6.359999999999999,2.0,-4.359999999999999
Sharks,23.377999999999997,19.0,-4.377999999999997
Cook Islands,17.39,13.0,-4.390000000000001
Fiji Barbarians,15.900999999999996,11.5,-4.400999999999996
Cardiff Rugby,21.902,17.5,-4.402000000000001
Jamaica,17.932000000000002,13.5,-4.432000000000002
Lions,21.534999999999997,17.0,-4.534999999999997
Ampthill,12.557,8.0,-4.557
Cobras,5.602999999999999,1.0,-4.602999999999999
Edinburgh Rugby,25.109,20.5,-4.609000000000002
Biarritz Olympique,20.119999999999994,15.5,-4.619999999999994
Solomon Islands,12.624999999999998,8.0,-4.624999999999998
Cayman Islands,25.721000000000004,21.0,-4.721000000000004
Oyonnax Rugby,20.242,15.5,-4.742000000000001
World XV,10.768,6.0,-4.768000000000001
Racing 92,29.782,25.0,-4.782
Montenegro,10.824,6.0,-4.824
Uzbekistan,12.36,7.5,-4.859999999999999
Aurillac,22.936999999999998,18.0,-4.936999999999998
Panama,7.951000000000001,3.0,-4.951000000000001
ASM Clermont Auvergne,27.953000000000003,23.0,-4.953000000000003
Beziers,20.956,16.0,-4.9559999999999995
East Germany,5.989999999999999,1.0,-4.989999999999999
Bristol Bears,29.547999999999995,24.5,-5.047999999999995
Hino Red Dolphins,5.2139999999999995,0.0,-5.2139999999999995
Ecuador,6.251,1.0,-5.251
US Dax,20.821999999999996,15.5,-5.321999999999996
Brunei,10.328999999999999,5.0,-5.328999999999999
Tau'uta Reds,15.512,10.0,-5.5120000000000005
Switzerland,70.537,65.0,-5.537000000000006
Force,14.124,8.5,-5.6240000000000006
Highlanders,12.696000000000003,7.0,-5.696000000000003
St Lucia,9.807,4.0,-5.807
Mont-de-Marsan,20.475000000000005,14.5,-5.975000000000005
United Arab Emirates,20.485999999999997,14.5,-5.985999999999997
Toyota Verblitz,13.006000000000002,7.0,-6.006000000000002
Venezuela,31.011,25.0,-6.010999999999999
Korea,83.55900000000001,77.5,-6.059000000000012
Mauritius,16.191000000000003,10.0,-6.1910000000000025
Canada A,14.206,8.0,-6.2059999999999995
Monaco,12.238000000000001,6.0,-6.238000000000001
Lithuania,64.29099999999998,58.0,-6.290999999999983
St Vincent and the Grenadines,9.843000000000002,3.5,-6.343000000000002
Mitsubishi Sagamihara Dynaboars,13.378,7.0,-6.378
Yokohama Canon Eagles,11.624000000000002,5.0,-6.624000000000002
Richmond,13.131000000000002,6.5,-6.631000000000002
Lyon Olympique Universitaire,31.275000000000006,24.5,-6.775000000000006
London Scottish,11.791,5.0,-6.791
Togo,11.807999999999998,5.0,-6.807999999999998
Mie Honda Heat,11.824999999999996,5.0,-6.824999999999996
Moana Pasifika,13.838000000000003,7.0,-6.838000000000003
Gloucester Rugby,28.852,22.0,-6.852
USA Select XV,15.981000000000002,9.0,-6.981000000000002
Sweden,71.53099999999999,64.5,-7.030999999999992
USON Nevers,21.624000000000002,14.5,-7.124000000000002
Swaziland,9.768,2.5,-7.268000000000001
Stade Rochelais,28.779999999999994,21.5,-7.279999999999994
Newcastle Falcons,11.376,4.0,-7.3759999999999994
Exeter Chiefs,29.381999999999994,22.0,-7.381999999999994
Senegal,31.400000000000006,24.0,-7.400000000000006
Carcassonne,13.918000000000003,6.5,-7.418000000000003
Pacific Islanders,8.72,1.0,-7.720000000000001
Tahiti,10.725,3.0,-7.725
Bahamas,18.852,11.0,-7.852
Vanuatu,7.996,0.0,-7.996
Botswana,24.568,16.5,-8.068000000000001
Urayasu D-Rocks,12.099000000000002,4.0,-8.099000000000002
Turkey,21.686,13.5,-8.186
Kenya,69.75099999999998,61.5,-8.250999999999976
Scarlets,20.768,12.5,-8.268
Harlequins,29.770000000000007,21.5,-8.270000000000007
Estonia,12.533999999999997,4.0,-8.533999999999997
Nigeria,17.053000000000004,8.5,-8.553000000000004
Slovakia,19.853,11.0,-8.853000000000002
Sale Sharks,29.908,21.0,-8.908000000000001
Pakistan,16.054999999999996,7.0,-9.054999999999996
Junior Japan,20.137,11.0,-9.137
Hong Kong,103.734,94.5,-9.233999999999995
USSR A,13.817,4.5,-9.317
Colombia,46.63700000000001,37.0,-9.637000000000008
Costa Rica,17.246999999999996,7.5,-9.746999999999996
Uganda,55.58399999999998,45.5,-10.083999999999982
Benin,12.616999999999999,2.5,-10.116999999999999
Cameroon,15.302,5.0,-10.302
US Montauban,22.808000000000003,12.5,-10.308000000000003
Barbados,28.874999999999996,18.5,-10.374999999999996
Newcastle Red Bulls,16.451999999999998,6.0,-10.451999999999998
Cambridge,11.04,0.5,-10.54
West Germany,15.208999999999998,4.5,-10.708999999999998
Zebre Rugby,20.275000000000002,9.5,-10.775000000000002
Luxembourg,59.80899999999998,49.0,-10.808999999999983
Bosnia & Herzegovina,50.24199999999999,39.0,-11.24199999999999
Latvia,59.86199999999999,48.5,-11.361999999999988
Finland,41.64999999999999,30.0,-11.649999999999991
Czechoslovakia,44.18000000000002,32.5,-11.680000000000021
Ukraine,75.81200000000001,64.0,-11.812000000000012
Dragons,19.429999999999996,7.5,-11.929999999999996
Slovenia,58.02400000000001,46.0,-12.024000000000008
India,26.546999999999997,14.5,-12.046999999999997
Israel,62.723000000000006,50.5,-12.223000000000006
Serbia,46.498,34.0,-12.497999999999998
Russia,128.31800000000004,115.5,-12.81800000000004
Cote D'Ivoire,43.478,30.5,-12.978000000000002
USA Perpignan,28.121,15.0,-13.120999999999999
Bulgaria,57.18899999999999,44.0,-13.188999999999993
Azerbaijan,14.857999999999999,1.0,-13.857999999999999
Peru,34.881,21.0,-13.881
Andorra,58.436000000000014,44.0,-14.436000000000014
Denmark,63.29200000000001,48.0,-15.292000000000009
Namibia,103.405,88.0,-15.405000000000001
Zimbabwe,72.94600000000004,57.0,-15.94600000000004
Zambia,31.94799999999999,16.0,-15.94799999999999
Austria,52.485,36.5,-15.985
Hungary,55.635000000000005,39.5,-16.135000000000005
Thailand,59.865000000000016,43.5,-16.365000000000016
Sri Lanka,67.10599999999998,50.5,-16.60599999999998
Belgium,92.17800000000004,75.5,-16.67800000000004
Tunisia,56.18899999999999,39.5,-16.688999999999993
Samoa A,37.809999999999995,21.0,-16.809999999999995
Czech Republic,69.63800000000002,51.5,-18.13800000000002
Chinese Taipei,60.748999999999995,39.0,-21.748999999999995
Singapore,56.467999999999996,33.0,-23.467999999999996
Netherlands,99.25599999999996,75.5,-23.755999999999958
Norway,51.81100000000001,26.5,-25.311000000000007
Germany,90.627,63.5,-27.126999999999995
Tonga A,42.24400000000001,15.0,-27.244000000000007
Ireland,442.2190000000003,413.5,-28.71900000000028
Portugal,176.8569999999999,147.5,-29.356999999999914
Poland,108.44199999999996,78.5,-29.941999999999965
Samoa,158.17199999999994,126.5,-31.67199999999994
Malaysia,62.87099999999999,31.0,-31.870999999999988
Fiji,254.00899999999993,221.0,-33.00899999999993
Scotland,438.609,405.5,-33.10899999999998
Uruguay,182.54899999999986,146.0,-36.548999999999864
Japan,267.9409999999999,230.0,-37.94099999999992
Spain,172.67199999999988,129.5,-43.17199999999988
Brazil,106.38799999999999,62.0,-44.38799999999999
Paraguay,77.80800000000005,32.5,-45.30800000000005
Chile,135.58400000000003,82.5,-53.08400000000003
USA,173.12,120.0,-53.120000000000005
Tonga,181.16000000000008,115.0,-66.16000000000008
Canada,189.89200000000008,119.5,-70.39200000000008
Italy,270.2690000000001,185.5,-84.76900000000012
